time_hour,pm25,pm25_out_corr,IR,date,smoke_flag,station,temp_c,dew_c,slp_hpa,vis_m,wind_dir_deg,wind_mps,event_id
2025-07-26 00:00:00+00:00,2.4,9.9,0.2424242424242424,2025-07-26,0,72505394728,28.3,21.7,1013.3,16093.0,260.0,1.5,2025_nyc_canadian_smoke
2025-07-26 01:00:00+00:00,2.3,9.8,0.23469387755102036,2025-07-26,0,72505394728,27.8,21.7,1013.5,16093.0,260.0,0.0,2025_nyc_canadian_smoke
2025-07-26 02:00:00+00:00,2.5,9.0,0.2777777777777778,2025-07-26,0,72505394728,27.8,21.7,1014.2,16093.0,260.0,2.1,2025_nyc_canadian_smoke
2025-07-26 03:00:00+00:00,2.2,7.7,0.28571428571428575,2025-07-26,0,72505394728,28.3,21.7,1014.4,16093.0,260.0,2.1,2025_nyc_canadian_smoke
2025-07-26 04:00:00+00:00,1.4,4.9,0.2857142857142857,2025-07-26,0,72505394728,27.8,21.1,1015.2,16093.0,260.0,0.0,2025_nyc_canadian_smoke
2025-07-26 05:00:00+00:00,0.6,4.3,0.13953488372093023,2025-07-26,0,72505394728,27.8,21.1,1015.2,16093.0,260.0,0.0,2025_nyc_canadian_smoke
2025-07-26 06:00:00+00:00,0.5,4.0,0.125,2025-07-26,0,72505394728,27.2,19.4,1015.6,16093.0,260.0,0.0,2025_nyc_canadian_smoke
2025-07-26 07:00:00+00:00,0.4,3.5,0.1142857142857143,2025-07-26,0,72505394728,26.7,19.4,1015.9,16093.0,40.0,2.6,2025_nyc_canadian_smoke
2025-07-26 08:00:00+00:00,0.3,3.8,0.07894736842105263,2025-07-26,0,72505394728,26.1,18.9,1016.2,16093.0,20.0,2.1,2025_nyc_canadian_smoke
2025-07-26 09:00:00+00:00,0.8,7.0,0.1142857142857143,2025-07-26,0,72505394728,25.6,18.9,1016.8,16093.0,50.0,3.6,2025_nyc_canadian_smoke
2025-07-26 10:00:00+00:00,1.6,11.0,0.14545454545454548,2025-07-26,0,72505394728,25.0,17.8,1017.7,16093.0,50.0,3.1,2025_nyc_canadian_smoke
2025-07-26 11:00:00+00:00,2.4,14.8,0.16216216216216214,2025-07-26,0,72505394728,25.0,16.1,1018.6,16093.0,50.0,3.6,2025_nyc_canadian_smoke
2025-07-26 12:00:00+00:00,3.5,17.7,0.1977401129943503,2025-07-26,1,72505394728,25.0,16.1,1019.3,14484.0,50.0,3.6,2025_nyc_canadian_smoke
2025-07-26 13:00:00+00:00,7.5,17.9,0.4189944134078213,2025-07-26,0,72505394728,26.0,17.0,1019.3,14484.0,50.0,3.6,2025_nyc_canadian_smoke
2025-07-26 14:00:00+00:00,9.4,20.1,0.46766169154228854,2025-07-26,0,72505394728,25.6,16.1,1020.1,12875.0,50.0,4.1,2025_nyc_canadian_smoke
2025-07-26 15:00:00+00:00,10.9,26.1,0.4176245210727969,2025-07-26,0,72505394728,26.7,15.6,1020.1,11265.0,70.0,4.1,2025_nyc_canadian_smoke
2025-07-26 16:00:00+00:00,10.1,37.2,0.271505376344086,2025-07-26,0,72505394728,28.3,15.0,1020.1,9656.0,70.0,2.6,2025_nyc_canadian_smoke
2025-07-26 17:00:00+00:00,10.0,39.0,0.2564102564102564,2025-07-26,0,72505394728,28.3,13.3,1019.9,8047.0,80.0,3.6,2025_nyc_canadian_smoke
2025-07-26 18:00:00+00:00,11.0,47.3,0.23255813953488375,2025-07-26,0,72505394728,28.9,13.9,1019.6,8047.0,80.0,2.1,2025_nyc_canadian_smoke
2025-07-26 19:00:00+00:00,12.5,46.7,0.26766595289079226,2025-07-26,0,72505394728,27.8,15.6,1019.5,6437.0,80.0,1.5,2025_nyc_canadian_smoke
2025-07-26 20:00:00+00:00,11.6,43.8,0.2648401826484018,2025-07-26,0,72505394728,26.7,15.0,1019.3,6437.0,80.0,2.6,2025_nyc_canadian_smoke
2025-07-26 21:00:00+00:00,10.8,37.9,0.2849604221635884,2025-07-26,0,72505394728,25.6,14.4,1019.2,6437.0,80.0,2.6,2025_nyc_canadian_smoke
2025-07-26 22:00:00+00:00,10.9,33.1,0.3293051359516616,2025-07-26,0,72505394728,25.6,14.4,1018.9,6437.0,80.0,1.5,2025_nyc_canadian_smoke
2025-07-26 23:00:00+00:00,14.4,28.1,0.5124555160142349,2025-07-26,0,72505394728,24.4,14.4,1019.0,6437.0,80.0,1.5,2025_nyc_canadian_smoke
2025-07-27 00:00:00+00:00,12.9,28.2,0.45744680851063835,2025-07-27,0,72505394728,24.4,12.8,1019.1,8047.0,,2.1,2025_nyc_canadian_smoke
2025-07-27 01:00:00+00:00,7.3,26.5,0.27547169811320754,2025-07-27,0,72505394728,23.9,13.9,1019.1,9656.0,,3.1,2025_nyc_canadian_smoke
2025-07-27 02:00:00+00:00,6.5,28.7,0.2264808362369338,2025-07-27,0,72505394728,23.9,14.4,1019.4,9656.0,,3.1,2025_nyc_canadian_smoke
2025-07-27 03:00:00+00:00,6.3,28.1,0.22419928825622773,2025-07-27,0,72505394728,23.9,14.4,1019.2,9656.0,,1.5,2025_nyc_canadian_smoke
2025-07-27 04:00:00+00:00,6.2,30.8,0.2012987012987013,2025-07-27,0,72505394728,23.9,15.0,1019.3,9656.0,,1.5,2025_nyc_canadian_smoke
2025-07-27 05:00:00+00:00,5.3,29.0,0.18275862068965518,2025-07-27,0,72505394728,23.9,15.0,1019.3,9656.0,,1.5,2025_nyc_canadian_smoke
2025-07-27 06:00:00+00:00,5.8,30.1,0.1926910299003322,2025-07-27,0,72505394728,23.3,15.6,1018.6,9656.0,,2.1,2025_nyc_canadian_smoke
2025-07-27 07:00:00+00:00,4.1,31.3,0.13099041533546324,2025-07-27,0,72505394728,23.3,16.1,1018.4,9656.0,,2.1,2025_nyc_canadian_smoke
2025-07-27 08:00:00+00:00,4.3,34.9,0.12320916905444126,2025-07-27,0,72505394728,23.3,15.6,1018.1,11265.0,,1.5,2025_nyc_canadian_smoke
2025-07-27 09:00:00+00:00,4.8,37.3,0.128686327077748,2025-07-27,0,72505394728,23.3,17.2,1017.9,9656.0,,2.6,2025_nyc_canadian_smoke
2025-07-27 10:00:00+00:00,5.0,38.3,0.13054830287206268,2025-07-27,0,72505394728,22.8,17.2,1017.9,9656.0,220.0,2.6,2025_nyc_canadian_smoke
2025-07-27 11:00:00+00:00,4.5,36.5,0.1232876712328767,2025-07-27,0,72505394728,22.8,17.2,1017.7,6437.0,220.0,2.6,2025_nyc_canadian_smoke
2025-07-27 12:00:00+00:00,3.9,38.4,0.1015625,2025-07-27,1,72505394728,23.3,17.8,1017.8,6437.0,220.0,1.5,2025_nyc_canadian_smoke
2025-07-27 13:00:00+00:00,4.3,40.0,0.1075,2025-07-27,0,72505394728,23.3,17.8,1017.6,6437.0,220.0,0.0,2025_nyc_canadian_smoke
2025-07-27 14:00:00+00:00,6.4,40.9,0.156479217603912,2025-07-27,0,72505394728,24.4,18.9,1017.1,6437.0,220.0,0.0,2025_nyc_canadian_smoke
2025-07-27 15:00:00+00:00,7.0,36.9,0.1897018970189702,2025-07-27,0,72505394728,24.4,20.0,1016.7,6437.0,220.0,1.5,2025_nyc_canadian_smoke
2025-07-27 16:00:00+00:00,6.7,33.5,0.2,2025-07-27,0,72505394728,25.0,20.6,1016.4,6437.0,220.0,1.5,2025_nyc_canadian_smoke
2025-07-27 17:00:00+00:00,5.2,33.1,0.15709969788519637,2025-07-27,0,72505394728,25.6,21.7,1015.9,8047.0,220.0,0.0,2025_nyc_canadian_smoke
2025-07-27 18:00:00+00:00,4.9,33.5,0.14626865671641792,2025-07-27,0,72505394728,26.1,22.2,1015.1,6437.0,220.0,1.5,2025_nyc_canadian_smoke
2025-07-27 19:00:00+00:00,4.5,31.4,0.14331210191082802,2025-07-27,0,72505394728,26.1,22.8,1014.4,6437.0,220.0,1.5,2025_nyc_canadian_smoke
2025-07-27 20:00:00+00:00,3.8,26.0,0.14615384615384613,2025-07-27,1,72505394728,28.3,22.8,1013.7,8047.0,240.0,2.6,2025_nyc_canadian_smoke
2025-07-27 21:00:00+00:00,3.2,22.5,0.14222222222222222,2025-07-27,0,72505394728,27.8,21.7,1012.8,9656.0,230.0,3.1,2025_nyc_canadian_smoke
2025-07-27 22:00:00+00:00,2.7,19.5,0.13846153846153847,2025-07-27,0,72505394728,28.3,21.7,1012.9,11265.0,230.0,0.0,2025_nyc_canadian_smoke
2025-07-27 23:00:00+00:00,3.1,17.1,0.18128654970760233,2025-07-27,0,72505394728,28.3,22.2,1013.0,11265.0,230.0,0.0,2025_nyc_canadian_smoke
2023-06-06 00:00:00+00:00,9.1,26.3,0.3460076045627376,2023-06-06,0,72505394728,21.7,7.2,1008.6,16093.0,,0.0,2023_nyc_canadian_smoke
2023-06-06 01:00:00+00:00,12.3,37.7,0.32625994694960214,2023-06-06,0,72505394728,22.2,4.4,1008.7,12875.0,,2.6,2023_nyc_canadian_smoke
2023-06-06 02:00:00+00:00,16.6,48.6,0.34156378600823045,2023-06-06,0,72505394728,21.1,4.4,1008.9,11265.0,,2.1,2023_nyc_canadian_smoke
2023-06-06 03:00:00+00:00,23.9,55.3,0.4321880650994575,2023-06-06,0,72505394728,20.6,3.3,1008.9,9656.0,,1.5,2023_nyc_canadian_smoke
2023-06-06 04:00:00+00:00,30.2,58.3,0.5180102915951973,2023-06-06,0,72505394728,19.4,3.9,1008.6,9656.0,,0.0,2023_nyc_canadian_smoke
2023-06-06 11:00:00+00:00,35.8,53.3,0.6716697936210131,2023-06-06,1,72505394728,15.6,5.6,1007.0,6437.0,,1.5,2023_nyc_canadian_smoke
2023-06-06 12:00:00+00:00,33.4,43.5,0.767816091954023,2023-06-06,1,72505394728,17.2,5.6,1006.6,6437.0,260.0,2.6,2023_nyc_canadian_smoke
2023-06-06 13:00:00+00:00,32.2,41.2,0.7815533980582524,2023-06-06,0,72505394728,17.8,6.1,1006.5,8047.0,270.0,3.1,2023_nyc_canadian_smoke
2023-06-06 14:00:00+00:00,31.0,41.6,0.7451923076923077,2023-06-06,0,72505394728,17.2,8.3,1006.1,8047.0,270.0,2.1,2023_nyc_canadian_smoke
2023-06-06 15:00:00+00:00,30.5,46.1,0.6616052060737527,2023-06-06,0,72505394728,20.0,8.3,1005.0,8047.0,230.0,1.5,2023_nyc_canadian_smoke
2023-06-06 16:00:00+00:00,32.4,55.1,0.588021778584392,2023-06-06,0,72505394728,22.8,9.4,1004.3,6437.0,230.0,0.0,2023_nyc_canadian_smoke
2023-06-06 17:00:00+00:00,36.2,56.0,0.6464285714285715,2023-06-06,0,72505394728,25.0,7.8,1003.2,6437.0,230.0,2.1,2023_nyc_canadian_smoke
2023-06-06 18:00:00+00:00,39.1,49.0,0.7979591836734694,2023-06-06,0,72505394728,24.4,7.2,1002.0,6437.0,310.0,2.6,2023_nyc_canadian_smoke
2023-06-06 19:00:00+00:00,41.5,50.1,0.8283433133732535,2023-06-06,0,72505394728,24.4,5.6,1001.7,6437.0,310.0,2.6,2023_nyc_canadian_smoke
2023-06-06 20:00:00+00:00,40.9,63.0,0.6492063492063492,2023-06-06,0,72505394728,25.6,6.1,1001.0,6437.0,310.0,2.1,2023_nyc_canadian_smoke
2023-06-06 21:00:00+00:00,51.9,56.7,0.9153439153439152,2023-06-06,1,72505394728,21.7,8.3,1001.7,6437.0,70.0,3.6,2023_nyc_canadian_smoke
2023-06-06 22:00:00+00:00,48.6,142.5,0.3410526315789474,2023-06-06,0,72505394728,21.7,8.9,1002.0,6437.0,70.0,0.0,2023_nyc_canadian_smoke
2023-06-06 23:00:00+00:00,36.7,136.8,0.2682748538011696,2023-06-06,0,72505394728,22.2,7.2,1002.2,4023.0,70.0,1.5,2023_nyc_canadian_smoke
2023-06-07 00:00:00+00:00,34.5,135.1,0.25536639526276833,2023-06-07,0,72505394728,21.1,5.0,1002.6,4023.0,300.0,3.6,2023_nyc_canadian_smoke
2023-06-07 01:00:00+00:00,34.3,123.4,0.2779578606158833,2023-06-07,0,72505394728,20.0,6.7,1003.4,4828.0,300.0,1.5,2023_nyc_canadian_smoke
2023-06-07 02:00:00+00:00,33.4,122.0,0.27377049180327867,2023-06-07,0,72505394728,19.4,7.2,1004.0,4828.0,300.0,2.6,2023_nyc_canadian_smoke
2023-06-07 03:00:00+00:00,32.3,120.8,0.2673841059602649,2023-06-07,0,72505394728,18.3,7.8,1004.0,4828.0,300.0,0.0,2023_nyc_canadian_smoke
2023-06-07 04:00:00+00:00,33.1,112.3,0.2947462154942119,2023-06-07,0,72505394728,17.8,7.2,1004.0,4828.0,300.0,1.5,2023_nyc_canadian_smoke
2023-06-07 11:00:00+00:00,18.3,71.3,0.25666199158485276,2023-06-07,1,72505394728,14.4,5.6,1003.7,4828.0,300.0,2.6,2023_nyc_canadian_smoke
2023-06-07 12:00:00+00:00,17.7,73.4,0.2411444141689373,2023-06-07,0,72505394728,15.0,6.7,1003.6,4828.0,300.0,2.1,2023_nyc_canadian_smoke
2023-06-07 13:00:00+00:00,17.9,69.0,0.25942028985507243,2023-06-07,0,72505394728,16.7,6.7,1003.7,4828.0,300.0,2.1,2023_nyc_canadian_smoke
2023-06-07 14:00:00+00:00,17.7,69.4,0.25504322766570603,2023-06-07,0,72505394728,17.8,6.7,1003.7,4828.0,310.0,4.1,2023_nyc_canadian_smoke
2023-06-07 15:00:00+00:00,27.6,104.6,0.26386233269598475,2023-06-07,0,72505394728,18.9,7.2,1003.3,4828.0,310.0,1.5,2023_nyc_canadian_smoke
2023-06-07 16:00:00+00:00,39.8,242.1,0.16439487814952497,2023-06-07,0,72505394728,20.0,6.1,1003.3,2816.0,310.0,1.5,2023_nyc_canadian_smoke
2023-06-07 17:00:00+00:00,54.8,293.6,0.1866485013623978,2023-06-07,0,72505394728,20.6,5.0,1002.9,1609.0,310.0,3.1,2023_nyc_canadian_smoke
2023-06-07 18:00:00+00:00,63.3,297.7,0.2126301645952301,2023-06-07,0,72505394728,18.9,2.8,1003.0,1207.0,310.0,2.6,2023_nyc_canadian_smoke
2023-06-07 19:00:00+00:00,63.5,247.7,0.25635849818328627,2023-06-07,1,72505394728,18.9,3.3,1003.0,1207.0,310.0,2.1,2023_nyc_canadian_smoke
2023-06-07 20:00:00+00:00,59.0,179.0,0.329608938547486,2023-06-07,0,72505394728,18.9,3.3,1003.0,2012.0,310.0,3.1,2023_nyc_canadian_smoke
2023-06-07 21:00:00+00:00,55.8,184.0,0.30326086956521736,2023-06-07,0,72505394728,19.4,3.9,1003.0,2414.0,310.0,2.6,2023_nyc_canadian_smoke
2023-06-07 22:00:00+00:00,59.6,204.6,0.2913000977517107,2023-06-07,0,72505394728,19.4,4.4,1003.4,2012.0,310.0,2.1,2023_nyc_canadian_smoke
2023-06-07 23:00:00+00:00,54.2,209.7,0.25846447305674775,2023-06-07,0,72505394728,19.4,4.4,1003.6,2012.0,310.0,2.1,2023_nyc_canadian_smoke
2023-06-08 00:00:00+00:00,55.6,210.6,0.2640075973409307,2023-06-08,0,72505394728,18.9,4.4,1004.0,2012.0,280.0,2.6,2023_nyc_canadian_smoke
2023-06-08 01:00:00+00:00,67.1,210.1,0.3193717277486911,2023-06-08,0,72505394728,17.8,4.4,1004.4,3219.0,280.0,1.5,2023_nyc_canadian_smoke
2023-06-08 02:00:00+00:00,75.0,197.9,0.37897928246589185,2023-06-08,0,72505394728,17.2,2.8,1004.5,3219.0,270.0,1.5,2023_nyc_canadian_smoke
2023-06-08 03:00:00+00:00,77.8,178.4,0.43609865470852016,2023-06-08,0,72505394728,16.7,2.8,1004.9,3219.0,270.0,1.5,2023_nyc_canadian_smoke
2023-06-08 04:00:00+00:00,74.6,165.0,0.4521212121212121,2023-06-08,0,72505394728,16.1,2.2,1005.3,4023.0,330.0,2.1,2023_nyc_canadian_smoke
2023-06-08 11:00:00+00:00,47.1,148.4,0.3173854447439353,2023-06-08,1,72505394728,13.9,6.1,1006.1,2816.0,330.0,1.5,2023_nyc_canadian_smoke
2023-06-08 12:00:00+00:00,37.8,127.9,0.2955433932759968,2023-06-08,0,72505394728,14.4,6.7,1006.1,2816.0,330.0,0.0,2023_nyc_canadian_smoke
2023-06-08 13:00:00+00:00,20.0,97.2,0.205761316872428,2023-06-08,0,72505394728,15.6,6.7,1006.6,3219.0,330.0,1.5,2023_nyc_canadian_smoke
2023-06-08 14:00:00+00:00,13.8,72.3,0.19087136929460582,2023-06-08,1,72505394728,17.2,6.7,1006.6,4828.0,270.0,2.1,2023_nyc_canadian_smoke
2023-06-08 15:00:00+00:00,12.7,67.1,0.18926974664679583,2023-06-08,0,72505394728,18.3,6.7,1006.1,4828.0,10.0,3.1,2023_nyc_canadian_smoke
2023-06-08 16:00:00+00:00,13.9,60.3,0.23051409618573798,2023-06-08,0,72505394728,20.6,6.7,1005.9,6437.0,10.0,1.5,2023_nyc_canadian_smoke
2023-06-08 17:00:00+00:00,11.3,42.2,0.2677725118483412,2023-06-08,0,72505394728,21.7,6.7,1005.4,6437.0,10.0,2.1,2023_nyc_canadian_smoke
2023-06-08 18:00:00+00:00,6.4,44.4,0.14414414414414414,2023-06-08,0,72505394728,21.1,6.1,1004.9,9656.0,10.0,2.6,2023_nyc_canadian_smoke
2023-06-08 19:00:00+00:00,6.1,46.2,0.13203463203463203,2023-06-08,0,72505394728,21.1,5.6,1005.2,8047.0,10.0,1.5,2023_nyc_canadian_smoke
2023-06-08 20:00:00+00:00,8.0,54.1,0.14787430683918668,2023-06-08,1,72505394728,20.0,7.8,1005.6,6437.0,10.0,2.6,2023_nyc_canadian_smoke
2023-06-08 21:00:00+00:00,8.3,47.2,0.17584745762711865,2023-06-08,0,72505394728,19.4,6.7,1005.6,6437.0,10.0,1.5,2023_nyc_canadian_smoke
2023-06-08 22:00:00+00:00,6.1,51.5,0.11844660194174757,2023-06-08,0,72505394728,19.4,7.8,1005.6,6437.0,10.0,2.1,2023_nyc_canadian_smoke
2023-06-08 23:00:00+00:00,6.2,48.7,0.1273100616016427,2023-06-08,0,72505394728,18.9,7.8,1005.9,6437.0,10.0,0.0,2023_nyc_canadian_smoke
2020-09-11 00:00:00+00:00,18.2,215.0,0.08465116279069768,2020-09-11,0,72698024229,24.4,6.1,1013.2,1600.0,180.0,3.6,2020_portland_megafire
2020-09-11 01:00:00+00:00,24.3,211.6,0.11483931947069943,2020-09-11,0,72698024229,23.3,5.0,1013.5,1609.0,160.0,4.1,2020_portland_megafire
2020-09-11 02:00:00+00:00,28.8,184.8,0.15584415584415584,2020-09-11,0,72698024229,21.7,4.4,1014.1,1609.0,150.0,3.6,2020_portland_megafire
2020-09-11 03:00:00+00:00,38.5,159.9,0.2407754846779237,2020-09-11,0,72698024229,21.1,3.9,1014.7,2414.0,130.0,3.1,2020_portland_megafire
2020-09-11 04:00:00+00:00,51.9,170.5,0.3043988269794721,2020-09-11,0,72698024229,20.0,4.4,1015.6,2414.0,130.0,3.1,2020_portland_megafire
2020-09-11 05:00:00+00:00,54.4,208.0,0.26153846153846155,2020-09-11,0,72698024229,19.4,5.0,1016.3,2414.0,140.0,2.6,2020_portland_megafire
2020-09-11 06:00:00+00:00,48.0,223.5,0.21476510067114093,2020-09-11,0,72698024229,18.9,7.2,1016.8,2400.0,170.0,4.1,2020_portland_megafire
2020-09-11 07:00:00+00:00,66.9,210.5,0.31781472684085516,2020-09-11,0,72698024229,18.3,7.2,1016.8,2012.0,150.0,3.6,2020_portland_megafire
2020-09-11 08:00:00+00:00,83.6,184.1,0.4541010320478001,2020-09-11,0,72698024229,18.3,7.2,1016.8,2012.0,150.0,3.6,2020_portland_megafire
2020-09-11 09:00:00+00:00,93.7,180.5,0.5191135734072022,2020-09-11,0,72698024229,16.7,7.8,1017.7,2012.0,150.0,0.0,2020_portland_megafire
2020-09-11 10:00:00+00:00,103.3,174.1,0.5933371625502585,2020-09-11,0,72698024229,15.0,8.3,1018.1,2012.0,260.0,1.5,2020_portland_megafire
2020-09-11 11:00:00+00:00,110.3,177.3,0.6221094190637337,2020-09-11,0,72698024229,14.4,10.0,1018.2,2414.0,260.0,1.5,2020_portland_megafire
2020-09-11 12:00:00+00:00,115.4,167.8,0.6877234803337307,2020-09-11,0,72698024229,13.0,11.0,1018.3,2400.0,250.0,2.1,2020_portland_megafire
2020-09-11 13:00:00+00:00,118.3,161.0,0.7347826086956522,2020-09-11,0,72698024229,13.3,11.1,1018.3,3219.0,250.0,0.0,2020_portland_megafire
2020-09-11 14:00:00+00:00,117.3,161.7,0.725417439703154,2020-09-11,0,72698024229,13.3,11.1,1018.5,3219.0,250.0,1.5,2020_portland_megafire
2020-09-11 15:00:00+00:00,112.1,167.9,0.6676593210244193,2020-09-11,0,72698024229,12.8,11.1,1018.8,2414.0,270.0,1.5,2020_portland_megafire
2020-09-11 16:00:00+00:00,109.6,164.6,0.6658566221142163,2020-09-11,1,72698024229,13.9,11.7,1019.0,2414.0,260.0,1.5,2020_portland_megafire
2020-09-11 17:00:00+00:00,104.6,166.1,0.6297411198073449,2020-09-11,0,72698024229,14.4,11.7,1019.1,2414.0,250.0,2.1,2020_portland_megafire
2020-09-11 18:00:00+00:00,100.8,174.6,0.5773195876288659,2020-09-11,0,72698024229,15.0,12.2,1018.9,2400.0,250.0,1.5,2020_portland_megafire
2020-09-11 19:00:00+00:00,96.8,184.3,0.5252306022788931,2020-09-11,0,72698024229,15.6,11.7,1018.7,2414.0,290.0,1.5,2020_portland_megafire
2020-09-11 20:00:00+00:00,93.9,188.0,0.499468085106383,2020-09-11,0,72698024229,16.1,11.1,1018.1,2414.0,270.0,1.5,2020_portland_megafire
2020-09-11 21:00:00+00:00,91.8,191.6,0.4791231732776618,2020-09-11,1,72698024229,16.7,10.6,1017.7,2012.0,260.0,1.5,2020_portland_megafire
2020-09-11 22:00:00+00:00,88.7,196.7,0.45094051855617695,2020-09-11,0,72698024229,17.2,10.6,1017.3,1609.0,280.0,2.1,2020_portland_megafire
2020-09-11 23:00:00+00:00,85.6,209.3,0.40898232202580026,2020-09-11,0,72698024229,17.8,11.1,1016.9,1609.0,270.0,2.1,2020_portland_megafire
2020-09-12 00:00:00+00:00,82.6,217.7,0.37942122186495175,2020-09-12,0,72698024229,17.8,11.1,1016.6,1200.0,280.0,1.5,2020_portland_megafire
2020-09-12 01:00:00+00:00,81.0,213.5,0.3793911007025761,2020-09-12,0,72698024229,17.8,11.1,1016.4,1207.0,280.0,1.5,2020_portland_megafire
2020-09-12 02:00:00+00:00,82.4,210.7,0.391077361177029,2020-09-12,0,72698024229,16.7,10.6,1016.4,1207.0,280.0,0.0,2020_portland_megafire
2020-09-12 03:00:00+00:00,85.1,208.7,0.40776233828461905,2020-09-12,0,72698024229,15.0,11.1,1016.4,2414.0,280.0,0.0,2020_portland_megafire
2020-09-12 04:00:00+00:00,93.4,209.3,0.4462494027711419,2020-09-12,0,72698024229,14.4,11.1,1017.2,2414.0,280.0,0.0,2020_portland_megafire
2020-09-12 05:00:00+00:00,103.7,210.5,0.49263657957244655,2020-09-12,0,72698024229,13.9,11.1,1017.2,2414.0,270.0,1.5,2020_portland_megafire
2020-09-12 06:00:00+00:00,111.1,214.9,0.5169846440204746,2020-09-12,0,72698024229,13.0,11.0,1017.1,2400.0,270.0,0.0,2020_portland_megafire
2020-09-12 07:00:00+00:00,115.9,211.7,0.5474728389230044,2020-09-12,0,72698024229,12.8,10.6,1017.2,2414.0,270.0,1.5,2020_portland_megafire
2020-09-12 08:00:00+00:00,119.9,214.0,0.5602803738317758,2020-09-12,0,72698024229,12.8,10.6,1017.2,2414.0,270.0,1.5,2020_portland_megafire
2020-09-12 09:00:00+00:00,122.2,210.5,0.5805225653206652,2020-09-12,0,72698024229,12.2,10.6,1016.9,2414.0,250.0,1.5,2020_portland_megafire
2020-09-12 10:00:00+00:00,123.1,214.5,0.5738927738927738,2020-09-12,0,72698024229,12.2,10.6,1016.9,2414.0,280.0,1.5,2020_portland_megafire
2020-09-12 11:00:00+00:00,123.2,207.4,0.5940212150433944,2020-09-12,1,72698024229,11.7,10.6,1016.6,2414.0,250.0,2.1,2020_portland_megafire
2020-09-12 12:00:00+00:00,122.5,199.1,0.6152687091913611,2020-09-12,0,72698024229,12.2,11.7,1016.6,400.0,250.0,0.0,2020_portland_megafire
2020-09-12 13:00:00+00:00,121.6,191.3,0.6356508102456874,2020-09-12,0,72698024229,12.2,11.1,1016.5,402.0,300.0,1.5,2020_portland_megafire
2020-09-12 14:00:00+00:00,119.8,187.6,0.6385927505330491,2020-09-12,0,72698024229,11.7,10.6,1016.5,1207.0,310.0,2.1,2020_portland_megafire
2020-09-12 15:00:00+00:00,117.2,180.6,0.6489479512735327,2020-09-12,0,72698024229,11.7,11.1,1016.5,402.0,320.0,1.5,2020_portland_megafire
2020-09-12 16:00:00+00:00,113.2,178.8,0.6331096196868009,2020-09-12,0,72698024229,12.2,11.1,1016.9,402.0,320.0,0.0,2020_portland_megafire
2020-09-12 17:00:00+00:00,104.6,193.4,0.5408479834539813,2020-09-12,0,72698024229,12.8,11.1,1016.9,805.0,320.0,0.0,2020_portland_megafire
2020-09-12 18:00:00+00:00,100.6,215.3,0.4672549930329772,2020-09-12,0,72698024229,13.3,10.6,1016.7,1200.0,280.0,1.5,2020_portland_megafire
2020-09-12 19:00:00+00:00,95.8,247.1,0.3876972885471469,2020-09-12,0,72698024229,13.9,11.1,1016.1,1207.0,240.0,1.5,2020_portland_megafire
2020-09-12 20:00:00+00:00,93.6,251.5,0.37216699801192843,2020-09-12,0,72698024229,15.0,10.6,1015.5,1207.0,240.0,0.0,2020_portland_megafire
2020-09-12 21:00:00+00:00,90.3,250.5,0.36047904191616764,2020-09-12,1,72698024229,16.1,10.6,1015.0,805.0,240.0,0.0,2020_portland_megafire
2020-09-12 22:00:00+00:00,86.9,252.1,0.3447044823482745,2020-09-12,0,72698024229,17.2,10.6,1014.5,805.0,240.0,0.0,2020_portland_megafire
2020-09-12 23:00:00+00:00,84.9,254.6,0.33346425765907306,2020-09-12,0,72698024229,17.8,11.1,1014.3,805.0,240.0,0.0,2020_portland_megafire
2020-09-13 20:00:00+00:00,122.5,236.2,0.5186282811176969,2020-09-13,0,72698024229,13.3,11.7,1013.3,402.0,,0.0,2020_portland_megafire
2020-09-13 21:00:00+00:00,120.3,251.2,0.4789012738853503,2020-09-13,1,72698024229,14.4,11.7,1012.9,805.0,,0.0,2020_portland_megafire
2020-09-13 22:00:00+00:00,119.3,269.8,0.4421793921423276,2020-09-13,0,72698024229,16.1,12.2,1012.5,805.0,,0.0,2020_portland_megafire
2020-09-13 23:00:00+00:00,117.6,277.4,0.4239365537130498,2020-09-13,0,72698024229,16.7,12.2,1011.8,805.0,,0.0,2020_portland_megafire
2020-09-14 00:00:00+00:00,115.5,281.8,0.40986515259048967,2020-09-14,0,72698024229,17.2,12.2,1011.5,800.0,,0.0,2020_portland_megafire
2020-09-14 01:00:00+00:00,131.1,282.8,0.4635785007072135,2020-09-14,0,72698024229,17.2,12.2,1011.6,402.0,,0.0,2020_portland_megafire
2020-09-14 02:00:00+00:00,157.9,279.4,0.5651395848246242,2020-09-14,0,72698024229,17.2,12.2,1011.8,805.0,,0.0,2020_portland_megafire
2020-09-14 03:00:00+00:00,171.2,272.5,0.6282568807339449,2020-09-14,0,72698024229,16.7,12.2,1012.4,805.0,,0.0,2020_portland_megafire
2020-09-14 04:00:00+00:00,174.4,268.4,0.6497764530551416,2020-09-14,0,72698024229,16.1,12.8,1012.9,805.0,110.0,2.6,2020_portland_megafire
2020-09-14 05:00:00+00:00,189.5,265.8,0.7129420617005267,2020-09-14,0,72698024229,15.6,12.8,1013.6,805.0,110.0,0.0,2020_portland_megafire
2020-09-14 06:00:00+00:00,194.5,265.5,0.7325800376647834,2020-09-14,0,72698024229,15.6,11.7,1013.6,800.0,110.0,0.0,2020_portland_megafire
2020-09-14 07:00:00+00:00,192.7,261.3,0.7374665135859165,2020-09-14,0,72698024229,14.4,11.1,1013.8,805.0,110.0,0.0,2020_portland_megafire
2020-09-14 08:00:00+00:00,186.3,258.8,0.7198608964451314,2020-09-14,0,72698024229,14.4,11.1,1013.8,805.0,110.0,0.0,2020_portland_megafire
2020-09-14 09:00:00+00:00,173.7,251.5,0.6906560636182902,2020-09-14,0,72698024229,13.3,11.1,1014.4,805.0,260.0,2.1,2020_portland_megafire
2020-09-14 10:00:00+00:00,160.3,249.1,0.6435166599759133,2020-09-14,0,72698024229,13.3,11.1,1014.0,805.0,260.0,0.0,2020_portland_megafire
2020-09-14 11:00:00+00:00,152.1,249.5,0.6096192384769539,2020-09-14,0,72698024229,13.3,11.7,1013.9,805.0,270.0,1.5,2020_portland_megafire
2020-09-14 12:00:00+00:00,150.9,254.0,0.5940944881889764,2020-09-14,0,72698024229,13.3,11.7,1014.2,800.0,260.0,1.5,2020_portland_megafire
2020-09-14 13:00:00+00:00,149.5,249.5,0.5991983967935872,2020-09-14,0,72698024229,13.3,11.7,1014.0,1207.0,260.0,0.0,2020_portland_megafire
2020-09-14 14:00:00+00:00,140.0,246.5,0.5679513184584178,2020-09-14,0,72698024229,13.9,12.2,1013.9,805.0,260.0,0.0,2020_portland_megafire
2020-09-14 15:00:00+00:00,127.9,243.4,0.5254724732949877,2020-09-14,0,72698024229,14.4,12.8,1013.9,805.0,260.0,0.0,2020_portland_megafire
2020-09-14 16:00:00+00:00,114.8,236.3,0.4858231062209056,2020-09-14,1,72698024229,14.4,13.3,1014.0,805.0,360.0,1.5,2020_portland_megafire
2020-09-14 17:00:00+00:00,106.0,241.0,0.43983402489626555,2020-09-14,1,72698024229,15.0,13.3,1014.1,805.0,20.0,1.5,2020_portland_megafire
2020-09-14 18:00:00+00:00,94.9,262.5,0.3615238095238095,2020-09-14,0,72698024229,15.6,13.3,1014.2,800.0,20.0,0.0,2020_portland_megafire
2020-09-14 19:00:00+00:00,97.1,264.4,0.36724659606656584,2020-09-14,0,72698024229,16.7,13.3,1014.1,805.0,20.0,0.0,2020_portland_megafire
2020-09-14 20:00:00+00:00,108.8,261.7,0.4157432174245319,2020-09-14,0,72698024229,18.3,13.3,1014.0,805.0,130.0,1.5,2020_portland_megafire
2020-09-14 21:00:00+00:00,113.9,260.9,0.4365657339977003,2020-09-14,0,72698024229,18.9,13.3,1013.8,805.0,70.0,3.1,2020_portland_megafire
2020-09-14 22:00:00+00:00,136.3,257.7,0.5289095847885138,2020-09-14,0,72698024229,20.6,13.9,1013.6,805.0,80.0,3.1,2020_portland_megafire
2020-09-14 23:00:00+00:00,142.2,254.1,0.5596221959858323,2020-09-14,0,72698024229,21.7,13.3,1013.5,805.0,100.0,1.5,2020_portland_megafire
2020-09-15 00:00:00+00:00,136.7,252.0,0.5424603174603174,2020-09-15,0,72698024229,22.8,12.8,1013.3,800.0,,0.0,2020_portland_megafire
2020-09-15 01:00:00+00:00,133.5,243.9,0.5473554735547356,2020-09-15,0,72698024229,23.3,13.3,1013.4,805.0,,0.0,2020_portland_megafire
2020-09-15 02:00:00+00:00,131.1,222.1,0.590274651058082,2020-09-15,0,72698024229,21.1,15.0,1013.6,402.0,80.0,2.1,2020_portland_megafire
2020-09-15 03:00:00+00:00,133.2,210.6,0.6324786324786325,2020-09-15,0,72698024229,20.6,15.0,1013.9,805.0,90.0,1.5,2020_portland_megafire
2020-09-15 04:00:00+00:00,140.0,189.6,0.7383966244725738,2020-09-15,0,72698024229,19.4,16.1,1014.7,805.0,90.0,0.0,2020_portland_megafire
2020-09-15 05:00:00+00:00,144.0,168.1,0.8566329565734682,2020-09-15,0,72698024229,18.9,15.0,1015.3,805.0,90.0,0.0,2020_portland_megafire
2020-09-15 06:00:00+00:00,150.6,163.2,0.9227941176470589,2020-09-15,0,72698024229,18.3,15.0,1015.8,800.0,90.0,0.0,2020_portland_megafire
2020-09-15 07:00:00+00:00,150.3,179.8,0.835928809788654,2020-09-15,0,72698024229,18.3,15.0,1016.3,805.0,90.0,0.0,2020_portland_megafire
2020-09-15 08:00:00+00:00,140.3,176.4,0.7953514739229025,2020-09-15,0,72698024229,18.3,15.0,1016.3,805.0,90.0,0.0,2020_portland_megafire
2020-09-15 09:00:00+00:00,118.7,177.3,0.6694867456288776,2020-09-15,0,72698024229,17.2,13.3,1017.0,1609.0,110.0,3.6,2020_portland_megafire
2020-09-15 10:00:00+00:00,92.2,187.7,0.49120937666489084,2020-09-15,0,72698024229,16.7,12.2,1017.4,1609.0,110.0,0.0,2020_portland_megafire
2020-09-15 11:00:00+00:00,76.3,197.5,0.3863291139240506,2020-09-15,0,72698024229,16.1,12.8,1017.6,3219.0,130.0,1.5,2020_portland_megafire
2020-09-15 12:00:00+00:00,69.4,199.0,0.3487437185929649,2020-09-15,1,72698024229,15.6,12.8,1017.7,3200.0,150.0,1.5,2020_portland_megafire
2020-09-15 13:00:00+00:00,84.3,208.0,0.40528846153846154,2020-09-15,0,72698024229,16.7,12.8,1017.6,3219.0,60.0,1.5,2020_portland_megafire
2020-09-15 14:00:00+00:00,94.0,204.7,0.45920859794821695,2020-09-15,0,72698024229,16.1,12.8,1017.9,1609.0,60.0,0.0,2020_portland_megafire
2020-09-15 15:00:00+00:00,102.5,190.0,0.5394736842105263,2020-09-15,0,72698024229,16.7,13.9,1018.2,805.0,60.0,0.0,2020_portland_megafire
2020-09-15 16:00:00+00:00,112.1,173.4,0.6464821222606689,2020-09-15,0,72698024229,17.2,15.0,1018.0,805.0,280.0,2.1,2020_portland_megafire
2020-09-15 17:00:00+00:00,124.8,137.7,0.9063180827886711,2020-09-15,0,72698024229,17.8,14.4,1018.2,1207.0,270.0,2.6,2020_portland_megafire
2020-09-15 18:00:00+00:00,117.3,104.2,1.1257197696737045,2020-09-15,0,72698024229,19.4,13.3,1018.2,1200.0,270.0,0.0,2020_portland_megafire
2020-09-15 19:00:00+00:00,109.7,117.4,0.934412265758092,2020-09-15,0,72698024229,21.1,13.9,1017.7,1207.0,300.0,2.1,2020_portland_megafire
2020-09-15 20:00:00+00:00,106.0,131.3,0.8073115003808072,2020-09-15,0,72698024229,22.2,13.9,1017.5,1609.0,310.0,1.5,2020_portland_megafire
2020-09-15 21:00:00+00:00,100.7,163.6,0.6155256723716381,2020-09-15,0,72698024229,22.8,14.4,1017.3,1609.0,210.0,1.5,2020_portland_megafire
2020-09-15 22:00:00+00:00,94.1,172.0,0.5470930232558139,2020-09-15,0,72698024229,23.3,13.9,1016.8,1207.0,210.0,0.0,2020_portland_megafire
2020-09-15 23:00:00+00:00,87.5,168.5,0.5192878338278932,2020-09-15,0,72698024229,22.8,14.4,1016.4,1207.0,210.0,0.0,2020_portland_megafire
2020-06-24 00:00:00+00:00,0.3,1.4,0.2142857142857143,2020-06-24,0,72243012960,28.9,21.7,1009.7,16000.0,180.0,6.2,2020_houston_godzilla_dust
2020-06-24 01:00:00+00:00,0.2,1.4,0.14285714285714288,2020-06-24,0,72243012960,27.2,22.2,1010.2,16093.0,170.0,5.7,2020_houston_godzilla_dust
2020-06-24 02:00:00+00:00,0.2,1.5,0.13333333333333333,2020-06-24,0,72243012960,26.7,22.2,1011.0,16093.0,200.0,3.1,2020_houston_godzilla_dust
2020-06-24 03:00:00+00:00,0.9,1.7,0.5294117647058824,2020-06-24,0,72243012960,26.1,21.7,1011.1,16093.0,180.0,2.6,2020_houston_godzilla_dust
2020-06-24 04:00:00+00:00,0.5,1.8,0.2777777777777778,2020-06-24,0,72243012960,26.1,22.2,1011.7,16093.0,170.0,2.1,2020_houston_godzilla_dust
2020-06-24 05:00:00+00:00,0.2,1.7,0.11764705882352942,2020-06-24,0,72243012960,26.1,22.2,1012.0,16093.0,210.0,1.5,2020_houston_godzilla_dust
2020-06-24 06:00:00+00:00,0.2,2.0,0.1,2020-06-24,0,72243012960,25.6,22.2,1011.7,16000.0,170.0,3.6,2020_houston_godzilla_dust
2020-06-24 07:00:00+00:00,0.2,3.1,0.06451612903225806,2020-06-24,0,72243012960,25.0,22.8,1011.2,16093.0,170.0,0.0,2020_houston_godzilla_dust
2020-06-24 08:00:00+00:00,0.2,3.3,0.060606060606060615,2020-06-24,0,72243012960,25.0,22.8,1011.0,16093.0,280.0,6.7,2020_houston_godzilla_dust
2020-06-24 09:00:00+00:00,0.2,3.7,0.05405405405405406,2020-06-24,0,72243012960,23.3,22.2,1010.2,4828.0,130.0,1.5,2020_houston_godzilla_dust
2020-06-24 10:00:00+00:00,0.2,3.2,0.0625,2020-06-24,0,72243012960,23.3,22.2,1010.0,16093.0,140.0,3.1,2020_houston_godzilla_dust
2020-06-24 11:00:00+00:00,0.2,1.1,0.18181818181818182,2020-06-24,0,72243012960,23.3,22.2,1010.1,11265.0,160.0,4.6,2020_houston_godzilla_dust
2020-06-24 12:00:00+00:00,0.2,1.4,0.14285714285714288,2020-06-24,0,72243012960,22.8,21.7,1010.3,11000.0,170.0,2.6,2020_houston_godzilla_dust
2020-06-24 13:00:00+00:00,0.3,1.4,0.2142857142857143,2020-06-24,0,72243012960,22.8,21.7,1010.8,6437.0,170.0,2.6,2020_houston_godzilla_dust
2020-06-24 14:00:00+00:00,0.4,1.0,0.4,2020-06-24,0,72243012960,22.8,21.7,1011.6,11265.0,170.0,3.1,2020_houston_godzilla_dust
2020-06-24 15:00:00+00:00,0.4,2.1,0.19047619047619047,2020-06-24,0,72243012960,23.3,21.7,1011.9,11265.0,180.0,3.1,2020_houston_godzilla_dust
2020-06-24 16:00:00+00:00,0.2,1.6,0.125,2020-06-24,0,72243012960,23.9,22.2,1011.8,11265.0,190.0,3.1,2020_houston_godzilla_dust
2020-06-24 17:00:00+00:00,0.3,2.0,0.15,2020-06-24,0,72243012960,25.6,22.2,1011.7,16093.0,230.0,4.1,2020_houston_godzilla_dust
2020-06-24 18:00:00+00:00,0.5,2.2,0.22727272727272727,2020-06-24,0,72243012960,27.8,22.2,1011.2,16000.0,200.0,3.6,2020_houston_godzilla_dust
2020-06-24 19:00:00+00:00,0.5,2.5,0.2,2020-06-24,0,72243012960,27.8,21.7,1011.1,16093.0,220.0,2.6,2020_houston_godzilla_dust
2020-06-24 20:00:00+00:00,3.7,2.4,1.5416666666666667,2020-06-24,0,72243012960,29.4,21.7,1010.8,16093.0,220.0,1.5,2020_houston_godzilla_dust
2020-06-24 21:00:00+00:00,1.5,2.9,0.5172413793103449,2020-06-24,0,72243012960,29.4,22.2,1010.9,16093.0,240.0,3.1,2020_houston_godzilla_dust
2020-06-24 22:00:00+00:00,0.6,3.2,0.18749999999999997,2020-06-24,0,72243012960,31.1,21.7,1010.1,16093.0,260.0,3.1,2020_houston_godzilla_dust
2020-06-24 23:00:00+00:00,1.0,3.2,0.3125,2020-06-24,0,72243012960,30.0,21.7,1009.9,16093.0,310.0,4.1,2020_houston_godzilla_dust
2020-06-25 00:00:00+00:00,0.6,3.4,0.17647058823529413,2020-06-25,0,72243012960,29.4,22.2,1010.2,16000.0,340.0,2.1,2020_houston_godzilla_dust
2020-06-25 01:00:00+00:00,0.6,4.4,0.13636363636363635,2020-06-25,0,72243012960,26.7,23.3,1010.4,16093.0,80.0,2.6,2020_houston_godzilla_dust
2020-06-25 02:00:00+00:00,0.5,4.2,0.11904761904761904,2020-06-25,0,72243012960,25.6,22.8,1010.6,16093.0,100.0,3.1,2020_houston_godzilla_dust
2020-06-25 03:00:00+00:00,0.2,3.6,0.05555555555555556,2020-06-25,0,72243012960,25.6,23.3,1011.5,16093.0,110.0,1.5,2020_houston_godzilla_dust
2020-06-25 04:00:00+00:00,0.2,3.5,0.05714285714285715,2020-06-25,0,72243012960,26.1,23.9,1012.4,16093.0,110.0,0.0,2020_houston_godzilla_dust
2020-06-25 05:00:00+00:00,0.2,3.2,0.0625,2020-06-25,0,72243012960,26.1,23.9,1013.0,16093.0,110.0,0.0,2020_houston_godzilla_dust
2020-06-25 06:00:00+00:00,0.2,3.6,0.05555555555555556,2020-06-25,0,72243012960,25.6,23.9,1013.2,16000.0,330.0,1.5,2020_houston_godzilla_dust
2020-06-25 07:00:00+00:00,0.3,3.6,0.08333333333333333,2020-06-25,0,72243012960,25.0,23.9,1012.8,16093.0,120.0,2.1,2020_houston_godzilla_dust
2020-06-25 08:00:00+00:00,0.3,4.0,0.075,2020-06-25,0,72243012960,24.4,22.8,1012.3,16093.0,120.0,0.0,2020_houston_godzilla_dust
2020-06-25 09:00:00+00:00,0.2,5.2,0.038461538461538464,2020-06-25,0,72243012960,23.3,22.2,1012.4,9656.0,290.0,2.1,2020_houston_godzilla_dust
2020-06-25 10:00:00+00:00,0.3,6.7,0.04477611940298507,2020-06-25,0,72243012960,23.3,22.2,1012.3,11265.0,350.0,2.6,2020_houston_godzilla_dust
2020-06-25 11:00:00+00:00,0.2,7.5,0.02666666666666667,2020-06-25,0,72243012960,23.9,22.8,1013.0,16093.0,290.0,2.1,2020_houston_godzilla_dust
2020-06-25 12:00:00+00:00,0.3,8.3,0.03614457831325301,2020-06-25,0,72243012960,22.8,21.1,1013.6,11000.0,340.0,2.1,2020_houston_godzilla_dust
2020-06-25 13:00:00+00:00,0.4,8.6,0.04651162790697675,2020-06-25,0,72243012960,22.8,21.7,1014.5,3219.0,140.0,1.5,2020_houston_godzilla_dust
2020-06-25 14:00:00+00:00,0.6,3.9,0.15384615384615385,2020-06-25,0,72243012960,22.8,21.7,1014.8,4828.0,140.0,0.0,2020_houston_godzilla_dust
2020-06-25 15:00:00+00:00,0.7,1.4,0.5,2020-06-25,0,72243012960,23.3,22.2,1014.8,16093.0,170.0,2.1,2020_houston_godzilla_dust
2020-06-25 16:00:00+00:00,0.8,2.1,0.38095238095238093,2020-06-25,0,72243012960,23.9,22.8,1014.8,16093.0,90.0,1.5,2020_houston_godzilla_dust
2020-06-25 17:00:00+00:00,1.0,2.2,0.45454545454545453,2020-06-25,0,72243012960,25.0,22.8,1015.1,16093.0,90.0,0.0,2020_houston_godzilla_dust
2020-06-25 18:00:00+00:00,1.2,2.6,0.4615384615384615,2020-06-25,0,72243012960,26.1,23.3,1014.7,16000.0,90.0,1.5,2020_houston_godzilla_dust
2020-06-25 19:00:00+00:00,1.3,2.4,0.5416666666666667,2020-06-25,0,72243012960,28.3,23.3,1014.8,16093.0,160.0,3.1,2020_houston_godzilla_dust
2020-06-25 20:00:00+00:00,1.3,1.8,0.7222222222222222,2020-06-25,0,72243012960,29.4,23.3,1014.4,16093.0,130.0,4.1,2020_houston_godzilla_dust
2020-06-25 21:00:00+00:00,1.1,1.7,0.6470588235294118,2020-06-25,0,72243012960,30.6,23.3,1014.7,16093.0,140.0,3.6,2020_houston_godzilla_dust
2020-06-25 22:00:00+00:00,1.0,1.7,0.5882352941176471,2020-06-25,0,72243012960,27.8,22.8,1015.1,16093.0,170.0,5.1,2020_houston_godzilla_dust
2020-06-25 23:00:00+00:00,0.4,2.2,0.18181818181818182,2020-06-25,0,72243012960,27.8,23.3,1015.2,16093.0,160.0,4.1,2020_houston_godzilla_dust
2020-06-26 00:00:00+00:00,0.4,2.1,0.19047619047619047,2020-06-26,0,72243012960,27.2,22.2,1014.8,16000.0,170.0,3.6,2020_houston_godzilla_dust
2020-06-26 01:00:00+00:00,0.4,2.4,0.16666666666666669,2020-06-26,0,72243012960,27.2,22.8,1014.9,16093.0,150.0,1.5,2020_houston_godzilla_dust
2020-06-26 02:00:00+00:00,0.3,2.7,0.1111111111111111,2020-06-26,0,72243012960,25.6,23.3,1015.3,16093.0,160.0,1.5,2020_houston_godzilla_dust
2020-06-26 03:00:00+00:00,0.1,2.3,0.04347826086956522,2020-06-26,0,72243012960,25.6,22.8,1015.4,16093.0,170.0,2.1,2020_houston_godzilla_dust
2020-06-26 04:00:00+00:00,0.2,3.1,0.06451612903225806,2020-06-26,0,72243012960,26.1,23.3,1016.0,16093.0,170.0,3.1,2020_houston_godzilla_dust
2020-06-26 05:00:00+00:00,0.2,2.8,0.07142857142857144,2020-06-26,0,72243012960,26.1,22.8,1016.7,16093.0,170.0,3.1,2020_houston_godzilla_dust
2020-06-26 06:00:00+00:00,0.2,3.6,0.05555555555555556,2020-06-26,0,72243012960,26.1,21.7,1016.8,16000.0,180.0,2.1,2020_houston_godzilla_dust
2020-06-26 07:00:00+00:00,0.3,8.7,0.034482758620689655,2020-06-26,0,72243012960,25.6,22.2,1016.8,16093.0,170.0,2.1,2020_houston_godzilla_dust
2020-06-26 08:00:00+00:00,0.3,11.8,0.02542372881355932,2020-06-26,0,72243012960,25.0,22.8,1016.7,16093.0,170.0,0.0,2020_houston_godzilla_dust
2020-06-26 09:00:00+00:00,0.3,13.1,0.022900763358778626,2020-06-26,0,72243012960,25.0,22.8,1017.2,16093.0,170.0,0.0,2020_houston_godzilla_dust
2020-06-26 10:00:00+00:00,0.5,13.2,0.03787878787878788,2020-06-26,0,72243012960,25.6,23.3,1017.2,16093.0,170.0,0.0,2020_houston_godzilla_dust
2020-06-26 11:00:00+00:00,0.8,13.0,0.06153846153846154,2020-06-26,0,72243012960,25.6,23.3,1017.3,16093.0,120.0,1.5,2020_houston_godzilla_dust
2020-06-26 12:00:00+00:00,1.7,12.6,0.1349206349206349,2020-06-26,0,72243012960,26.1,24.4,1017.8,4800.0,120.0,0.0,2020_houston_godzilla_dust
2020-06-26 13:00:00+00:00,2.5,11.9,0.21008403361344538,2020-06-26,0,72243012960,26.7,25.0,1018.4,4828.0,150.0,2.6,2020_houston_godzilla_dust
2020-06-26 14:00:00+00:00,1.7,11.9,0.14285714285714285,2020-06-26,0,72243012960,28.3,25.0,1018.7,6437.0,160.0,5.7,2020_houston_godzilla_dust
2020-06-26 15:00:00+00:00,1.3,12.6,0.10317460317460318,2020-06-26,0,72243012960,28.9,24.4,1019.0,8047.0,180.0,4.1,2020_houston_godzilla_dust
2020-06-26 16:00:00+00:00,1.3,13.3,0.09774436090225563,2020-06-26,0,72243012960,28.9,24.4,1019.2,8047.0,170.0,5.7,2020_houston_godzilla_dust
2020-06-26 17:00:00+00:00,1.9,14.7,0.1292517006802721,2020-06-26,0,72243012960,29.4,24.4,1019.3,8047.0,180.0,4.6,2020_houston_godzilla_dust
2020-06-26 18:00:00+00:00,2.4,15.4,0.15584415584415584,2020-06-26,0,72243012960,29.4,24.4,1019.3,8000.0,170.0,5.1,2020_houston_godzilla_dust
2020-06-26 19:00:00+00:00,0.8,13.8,0.057971014492753624,2020-06-26,0,72243012960,29.4,25.0,1018.5,8047.0,140.0,6.7,2020_houston_godzilla_dust
2020-06-26 20:00:00+00:00,1.2,12.6,0.09523809523809523,2020-06-26,0,72243012960,30.0,25.0,1017.8,6437.0,150.0,4.1,2020_houston_godzilla_dust
2020-06-26 21:00:00+00:00,2.9,11.2,0.25892857142857145,2020-06-26,0,72243012960,30.0,24.4,1017.7,8047.0,160.0,5.1,2020_houston_godzilla_dust
2020-06-26 22:00:00+00:00,1.9,10.7,0.17757009345794392,2020-06-26,0,72243012960,29.4,24.4,1017.3,8047.0,180.0,2.6,2020_houston_godzilla_dust
2020-06-26 23:00:00+00:00,1.3,10.4,0.125,2020-06-26,0,72243012960,29.4,24.4,1016.7,8047.0,170.0,3.1,2020_houston_godzilla_dust
2020-06-27 00:00:00+00:00,1.5,10.3,0.14563106796116504,2020-06-27,0,72243012960,28.9,24.4,1017.0,9000.0,170.0,2.6,2020_houston_godzilla_dust
2020-06-27 01:00:00+00:00,1.3,9.6,0.13541666666666669,2020-06-27,0,72243012960,28.3,24.4,1017.0,9656.0,150.0,3.6,2020_houston_godzilla_dust
2020-06-27 02:00:00+00:00,0.9,8.7,0.10344827586206898,2020-06-27,0,72243012960,27.8,25.0,1017.1,11265.0,130.0,5.1,2020_houston_godzilla_dust
2020-06-27 03:00:00+00:00,0.6,6.7,0.08955223880597014,2020-06-27,0,72243012960,27.2,25.0,1017.4,11265.0,140.0,3.6,2020_houston_godzilla_dust
2020-06-27 04:00:00+00:00,0.7,6.4,0.10937499999999999,2020-06-27,0,72243012960,27.2,25.6,1018.2,11265.0,170.0,1.5,2020_houston_godzilla_dust
2020-06-27 05:00:00+00:00,0.6,6.5,0.0923076923076923,2020-06-27,0,72243012960,27.2,25.0,1017.7,11265.0,140.0,4.6,2020_houston_godzilla_dust
2020-06-27 06:00:00+00:00,0.6,7.1,0.08450704225352113,2020-06-27,0,72243012960,27.2,25.0,1018.0,11000.0,160.0,2.1,2020_houston_godzilla_dust
2020-06-27 07:00:00+00:00,0.5,7.7,0.06493506493506493,2020-06-27,0,72243012960,26.7,24.4,1017.5,11265.0,150.0,3.1,2020_houston_godzilla_dust
2020-06-27 08:00:00+00:00,0.6,8.8,0.06818181818181818,2020-06-27,0,72243012960,27.2,25.0,1017.1,11265.0,170.0,2.6,2020_houston_godzilla_dust
2020-06-27 09:00:00+00:00,0.6,11.2,0.053571428571428575,2020-06-27,0,72243012960,26.7,25.0,1016.4,11265.0,170.0,2.6,2020_houston_godzilla_dust
2020-06-27 10:00:00+00:00,0.6,13.2,0.045454545454545456,2020-06-27,0,72243012960,26.7,25.0,1016.1,11265.0,170.0,2.6,2020_houston_godzilla_dust
2020-06-27 11:00:00+00:00,0.8,14.3,0.055944055944055944,2020-06-27,0,72243012960,26.7,24.4,1015.8,11265.0,160.0,2.6,2020_houston_godzilla_dust
2020-06-27 12:00:00+00:00,1.7,14.1,0.12056737588652482,2020-06-27,0,72243012960,26.7,25.0,1016.2,8000.0,170.0,2.1,2020_houston_godzilla_dust
2020-06-27 13:00:00+00:00,2.4,9.8,0.24489795918367344,2020-06-27,0,72243012960,27.2,25.0,1016.5,8047.0,170.0,3.1,2020_houston_godzilla_dust
2020-06-27 14:00:00+00:00,2.6,7.5,0.3466666666666667,2020-06-27,0,72243012960,27.8,25.0,1017.1,9656.0,170.0,3.1,2020_houston_godzilla_dust
2020-06-27 15:00:00+00:00,3.0,6.7,0.44776119402985076,2020-06-27,0,72243012960,28.9,24.4,1017.3,9656.0,160.0,4.6,2020_houston_godzilla_dust
2020-06-27 16:00:00+00:00,5.0,6.6,0.7575757575757576,2020-06-27,0,72243012960,30.0,24.4,1017.5,11265.0,160.0,4.1,2020_houston_godzilla_dust
2020-06-27 17:00:00+00:00,4.1,5.9,0.6949152542372881,2020-06-27,0,72243012960,31.1,24.4,1017.2,11265.0,160.0,5.7,2020_houston_godzilla_dust
2020-06-27 18:00:00+00:00,0.9,5.1,0.17647058823529413,2020-06-27,0,72243012960,31.1,23.9,1017.0,11000.0,150.0,5.7,2020_houston_godzilla_dust
2020-06-27 19:00:00+00:00,0.5,4.6,0.10869565217391305,2020-06-27,0,72243012960,31.7,23.9,1016.3,16093.0,160.0,6.7,2020_houston_godzilla_dust
2020-06-27 20:00:00+00:00,0.9,4.5,0.2,2020-06-27,0,72243012960,31.7,23.3,1015.2,16093.0,180.0,4.6,2020_houston_godzilla_dust
2020-06-27 21:00:00+00:00,0.9,4.4,0.20454545454545453,2020-06-27,0,72243012960,32.2,23.3,1014.5,16093.0,160.0,6.2,2020_houston_godzilla_dust
2020-06-27 22:00:00+00:00,0.6,4.0,0.15,2020-06-27,0,72243012960,31.7,22.8,1013.9,16093.0,170.0,6.2,2020_houston_godzilla_dust
2020-06-27 23:00:00+00:00,0.6,3.8,0.15789473684210525,2020-06-27,0,72243012960,31.7,22.8,1013.4,16093.0,160.0,5.7,2020_houston_godzilla_dust
2020-06-28 00:00:00+00:00,0.6,4.1,0.14634146341463417,2020-06-28,0,72243012960,31.1,23.3,1013.0,16000.0,180.0,4.6,2020_houston_godzilla_dust
2020-06-28 01:00:00+00:00,0.6,4.7,0.1276595744680851,2020-06-28,0,72243012960,29.4,23.3,1012.9,16093.0,160.0,6.2,2020_houston_godzilla_dust
2020-06-28 02:00:00+00:00,0.5,5.1,0.09803921568627452,2020-06-28,0,72243012960,28.9,23.3,1012.9,16093.0,170.0,4.1,2020_houston_godzilla_dust
2020-06-28 03:00:00+00:00,0.4,5.3,0.07547169811320756,2020-06-28,0,72243012960,27.8,23.9,1013.3,16093.0,160.0,3.6,2020_houston_godzilla_dust
2020-06-28 04:00:00+00:00,0.6,5.1,0.11764705882352941,2020-06-28,0,72243012960,27.8,24.4,1013.7,16093.0,160.0,4.6,2020_houston_godzilla_dust
2020-06-28 05:00:00+00:00,0.8,5.7,0.14035087719298245,2020-06-28,0,72243012960,27.8,24.4,1014.0,16093.0,170.0,3.1,2020_houston_godzilla_dust
2020-06-28 06:00:00+00:00,0.8,6.2,0.12903225806451613,2020-06-28,0,72243012960,27.8,25.0,1014.0,16000.0,180.0,3.1,2020_houston_godzilla_dust
2020-06-28 07:00:00+00:00,1.0,6.7,0.14925373134328357,2020-06-28,0,72243012960,27.2,25.0,1013.4,16093.0,170.0,3.1,2020_houston_godzilla_dust
2020-06-28 08:00:00+00:00,0.6,7.8,0.07692307692307693,2020-06-28,0,72243012960,26.7,24.4,1013.1,16093.0,170.0,3.1,2020_houston_godzilla_dust
2020-06-28 09:00:00+00:00,0.6,8.7,0.06896551724137931,2020-06-28,0,72243012960,27.2,25.0,1012.6,16093.0,160.0,3.6,2020_houston_godzilla_dust
2020-06-28 10:00:00+00:00,0.6,8.5,0.07058823529411765,2020-06-28,0,72243012960,27.2,25.0,1012.4,16093.0,160.0,2.6,2020_houston_godzilla_dust
2020-06-28 11:00:00+00:00,0.8,7.0,0.1142857142857143,2020-06-28,0,72243012960,26.7,25.0,1012.6,11265.0,170.0,3.1,2020_houston_godzilla_dust
2020-06-28 12:00:00+00:00,1.3,6.1,0.21311475409836067,2020-06-28,0,72243012960,26.7,25.0,1012.8,11000.0,160.0,3.6,2020_houston_godzilla_dust
2020-06-28 13:00:00+00:00,1.4,5.6,0.25,2020-06-28,0,72243012960,28.3,25.6,1013.6,11265.0,180.0,3.6,2020_houston_godzilla_dust
2020-06-28 14:00:00+00:00,1.3,4.2,0.30952380952380953,2020-06-28,0,72243012960,29.4,25.6,1013.7,11265.0,200.0,3.1,2020_houston_godzilla_dust
2020-06-28 15:00:00+00:00,0.8,3.6,0.22222222222222224,2020-06-28,0,72243012960,30.0,23.9,1013.6,16093.0,180.0,5.1,2020_houston_godzilla_dust
2020-06-28 16:00:00+00:00,0.7,3.4,0.20588235294117646,2020-06-28,0,72243012960,31.1,23.3,1013.3,16093.0,180.0,5.7,2020_houston_godzilla_dust
2020-06-28 17:00:00+00:00,0.6,3.3,0.18181818181818182,2020-06-28,0,72243012960,31.7,22.8,1013.1,16093.0,200.0,5.1,2020_houston_godzilla_dust
2020-06-28 18:00:00+00:00,0.5,3.7,0.13513513513513511,2020-06-28,0,72243012960,31.7,22.2,1012.4,16000.0,180.0,4.6,2020_houston_godzilla_dust
2020-06-28 19:00:00+00:00,0.4,3.2,0.125,2020-06-28,0,72243012960,32.2,22.2,1011.7,16093.0,170.0,5.1,2020_houston_godzilla_dust
2020-06-28 20:00:00+00:00,0.4,3.4,0.11764705882352942,2020-06-28,0,72243012960,32.8,22.8,1010.9,16093.0,170.0,5.1,2020_houston_godzilla_dust
2020-06-28 21:00:00+00:00,0.4,3.6,0.11111111111111112,2020-06-28,0,72243012960,31.7,22.2,1010.7,16093.0,170.0,5.7,2020_houston_godzilla_dust
2020-06-28 22:00:00+00:00,0.4,4.2,0.09523809523809523,2020-06-28,0,72243012960,31.7,23.3,1010.4,16093.0,170.0,7.2,2020_houston_godzilla_dust
2020-06-28 23:00:00+00:00,0.4,3.9,0.10256410256410257,2020-06-28,0,72243012960,31.1,22.8,1010.1,16093.0,170.0,6.2,2020_houston_godzilla_dust
2018-11-14 00:00:00+00:00,49.5,87.5,0.5657142857142857,2018-11-14,0,99401699999,16.1,,1028.4,,360.0,4.1,2018_sf_camp_fire
2018-11-14 01:00:00+00:00,34.5,74.1,0.46558704453441296,2018-11-14,0,99401699999,15.8,,1028.1,,360.0,4.6,2018_sf_camp_fire
2018-11-14 02:00:00+00:00,32.5,69.5,0.4676258992805755,2018-11-14,0,99401699999,15.6,,1028.2,,360.0,4.6,2018_sf_camp_fire
2018-11-14 03:00:00+00:00,31.6,64.9,0.48690292758089365,2018-11-14,0,99401699999,15.5,,1028.1,,70.0,3.1,2018_sf_camp_fire
2018-11-14 04:00:00+00:00,29.9,64.4,0.46428571428571425,2018-11-14,0,99401699999,15.5,,1028.2,,340.0,4.1,2018_sf_camp_fire
2018-11-14 05:00:00+00:00,27.6,69.2,0.3988439306358382,2018-11-14,0,99401699999,15.1,,1028.3,,20.0,4.1,2018_sf_camp_fire
2018-11-14 06:00:00+00:00,22.7,73.1,0.31053351573187415,2018-11-14,0,99401699999,15.0,,1028.6,,120.0,1.0,2018_sf_camp_fire
2018-11-14 07:00:00+00:00,27.1,73.1,0.37072503419972647,2018-11-14,0,99401699999,14.5,,1028.4,,50.0,3.1,2018_sf_camp_fire
2018-11-14 08:00:00+00:00,26.4,82.1,0.3215590742996346,2018-11-14,0,99401699999,13.7,,1028.4,,50.0,3.6,2018_sf_camp_fire
2018-11-14 09:00:00+00:00,30.6,75.4,0.4058355437665782,2018-11-14,0,99401699999,13.2,,1028.5,,60.0,2.1,2018_sf_camp_fire
2018-11-14 10:00:00+00:00,29.3,61.7,0.47487844408427876,2018-11-14,0,99401699999,12.6,,1028.4,,20.0,2.6,2018_sf_camp_fire
2018-11-14 11:00:00+00:00,35.5,61.9,0.5735056542810986,2018-11-14,0,99401699999,12.0,,1028.1,,20.0,3.6,2018_sf_camp_fire
2018-11-14 12:00:00+00:00,41.3,62.8,0.6576433121019108,2018-11-14,0,99401699999,12.4,,1027.8,,30.0,4.1,2018_sf_camp_fire
2018-11-14 13:00:00+00:00,54.6,61.1,0.8936170212765957,2018-11-14,0,99401699999,12.4,,1027.9,,40.0,4.1,2018_sf_camp_fire
2018-11-14 14:00:00+00:00,60.5,67.4,0.8976261127596439,2018-11-14,0,99401699999,11.0,,1027.9,,110.0,3.1,2018_sf_camp_fire
2018-11-14 15:00:00+00:00,62.2,69.8,0.8911174785100288,2018-11-14,0,99401699999,11.2,,1028.1,,100.0,3.6,2018_sf_camp_fire
2018-11-14 16:00:00+00:00,62.6,70.5,0.8879432624113476,2018-11-14,1,99401699999,11.6,,1028.6,,50.0,4.6,2018_sf_camp_fire
2018-11-14 17:00:00+00:00,66.0,72.3,0.9128630705394192,2018-11-14,0,99401699999,11.5,,1028.6,,20.0,4.1,2018_sf_camp_fire
2018-11-14 18:00:00+00:00,60.2,65.7,0.9162861491628614,2018-11-14,0,99401699999,12.3,,1028.2,,80.0,1.5,2018_sf_camp_fire
2018-11-14 19:00:00+00:00,55.8,60.0,0.9299999999999999,2018-11-14,0,99401699999,13.8,,1027.5,,30.0,3.6,2018_sf_camp_fire
2018-11-14 20:00:00+00:00,82.4,65.4,1.2599388379204892,2018-11-14,0,99401699999,14.0,,1026.6,,20.0,4.1,2018_sf_camp_fire
2018-11-14 21:00:00+00:00,90.3,75.0,1.204,2018-11-14,0,99401699999,15.4,,1025.4,,360.0,4.1,2018_sf_camp_fire
2018-11-14 22:00:00+00:00,63.5,74.5,0.8523489932885906,2018-11-14,0,99401699999,16.1,,1024.8,,350.0,3.6,2018_sf_camp_fire
2018-11-14 23:00:00+00:00,59.0,69.0,0.855072463768116,2018-11-14,1,99401699999,16.3,,1024.5,,320.0,1.5,2018_sf_camp_fire
2018-11-15 00:00:00+00:00,61.1,66.2,0.9229607250755287,2018-11-15,0,99401699999,16.6,,1023.9,,210.0,1.0,2018_sf_camp_fire
2018-11-15 01:00:00+00:00,75.5,66.4,1.1370481927710843,2018-11-15,0,99401699999,14.6,,1023.9,,210.0,2.1,2018_sf_camp_fire
2018-11-15 02:00:00+00:00,94.9,65.3,1.4532924961715161,2018-11-15,0,99401699999,14.5,,1023.9,,210.0,1.5,2018_sf_camp_fire
2018-11-15 03:00:00+00:00,103.3,63.9,1.6165884194053208,2018-11-15,0,99401699999,14.9,,1023.9,,200.0,2.1,2018_sf_camp_fire
2018-11-15 04:00:00+00:00,110.0,65.2,1.687116564417178,2018-11-15,0,99401699999,13.2,,1023.9,,200.0,1.0,2018_sf_camp_fire
2018-11-15 05:00:00+00:00,120.7,64.6,1.8684210526315792,2018-11-15,0,99401699999,13.2,,1024.1,,200.0,1.0,2018_sf_camp_fire
2018-11-15 06:00:00+00:00,119.9,66.8,1.7949101796407188,2018-11-15,0,99401699999,12.3,,1023.9,,180.0,1.0,2018_sf_camp_fire
2018-11-15 07:00:00+00:00,129.7,68.6,1.8906705539358601,2018-11-15,0,99401699999,11.5,,1023.7,,200.0,0.5,2018_sf_camp_fire
2018-11-15 08:00:00+00:00,110.4,69.3,1.5930735930735933,2018-11-15,0,99401699999,11.6,,1023.3,,180.0,1.0,2018_sf_camp_fire
2018-11-15 09:00:00+00:00,88.9,74.0,1.2013513513513514,2018-11-15,0,99401699999,11.1,,1023.2,,140.0,1.5,2018_sf_camp_fire
2018-11-15 10:00:00+00:00,99.8,72.0,1.386111111111111,2018-11-15,0,99401699999,11.2,,1023.1,,110.0,1.0,2018_sf_camp_fire
2018-11-15 11:00:00+00:00,89.6,95.5,0.938219895287958,2018-11-15,0,99401699999,11.6,,1022.3,,20.0,3.6,2018_sf_camp_fire
2018-11-15 12:00:00+00:00,100.9,95.1,1.060988433228181,2018-11-15,0,99401699999,11.6,,1022.0,,10.0,4.6,2018_sf_camp_fire
2018-11-15 13:00:00+00:00,101.9,76.3,1.3355176933158586,2018-11-15,0,99401699999,11.0,,1021.8,,80.0,1.5,2018_sf_camp_fire
2018-11-15 14:00:00+00:00,99.7,75.3,1.3240371845949537,2018-11-15,0,99401699999,10.6,,1021.7,,30.0,3.1,2018_sf_camp_fire
2018-11-15 15:00:00+00:00,103.7,73.1,1.4186046511627908,2018-11-15,0,99401699999,12.1,,1022.1,,20.0,4.6,2018_sf_camp_fire
2018-11-15 16:00:00+00:00,99.8,87.9,1.135381114903299,2018-11-15,0,99401699999,12.1,,1022.3,,10.0,4.6,2018_sf_camp_fire
2018-11-15 17:00:00+00:00,85.4,125.5,0.6804780876494024,2018-11-15,0,99401699999,12.4,,1022.3,,20.0,5.1,2018_sf_camp_fire
2018-11-15 18:00:00+00:00,82.9,145.8,0.5685871056241426,2018-11-15,0,99401699999,12.2,,1022.1,,10.0,5.1,2018_sf_camp_fire
2018-11-15 19:00:00+00:00,83.7,167.6,0.49940334128878283,2018-11-15,1,99401699999,12.9,,1021.7,,20.0,5.1,2018_sf_camp_fire
2018-11-15 20:00:00+00:00,86.5,187.2,0.4620726495726496,2018-11-15,1,99401699999,14.0,,1020.8,,360.0,4.6,2018_sf_camp_fire
2018-11-15 21:00:00+00:00,95.5,163.9,0.5826723611958511,2018-11-15,0,99401699999,14.8,,1019.7,,360.0,5.1,2018_sf_camp_fire
2018-11-15 22:00:00+00:00,96.1,133.2,0.7214714714714715,2018-11-15,1,99401699999,15.7,,1019.2,,360.0,4.6,2018_sf_camp_fire
2018-11-15 23:00:00+00:00,76.6,139.2,0.5502873563218391,2018-11-15,0,99401699999,16.0,,1018.7,,10.0,4.1,2018_sf_camp_fire
2018-11-16 00:00:00+00:00,76.4,136.7,0.5588880760790053,2018-11-16,0,99401699999,15.6,,1018.5,,230.0,0.5,2018_sf_camp_fire
2018-11-16 01:00:00+00:00,117.5,138.4,0.8489884393063584,2018-11-16,0,99401699999,14.5,,1018.5,,210.0,1.5,2018_sf_camp_fire
2018-11-16 02:00:00+00:00,101.4,146.2,0.6935704514363886,2018-11-16,0,99401699999,14.7,,1018.5,,170.0,1.0,2018_sf_camp_fire
2018-11-16 03:00:00+00:00,92.9,146.0,0.6363013698630138,2018-11-16,0,99401699999,15.0,,1018.4,,170.0,0.0,2018_sf_camp_fire
2018-11-16 04:00:00+00:00,92.1,144.0,0.6395833333333333,2018-11-16,0,99401699999,14.9,,1018.3,,10.0,1.5,2018_sf_camp_fire
2018-11-16 05:00:00+00:00,84.2,145.6,0.5782967032967034,2018-11-16,0,99401699999,15.0,,1018.2,,10.0,3.1,2018_sf_camp_fire
2018-11-16 06:00:00+00:00,96.1,150.3,0.6393878908848968,2018-11-16,0,99401699999,14.6,,1018.2,,20.0,3.6,2018_sf_camp_fire
2018-11-16 07:00:00+00:00,52.8,148.9,0.35460040295500334,2018-11-16,0,99401699999,14.4,,1018.2,,10.0,3.6,2018_sf_camp_fire
2018-11-16 08:00:00+00:00,64.2,145.7,0.4406314344543583,2018-11-16,0,99401699999,14.0,,1018.0,,10.0,4.6,2018_sf_camp_fire
2018-11-16 09:00:00+00:00,49.5,143.4,0.34518828451882844,2018-11-16,0,99401699999,13.3,,1017.8,,20.0,3.6,2018_sf_camp_fire
2018-11-16 10:00:00+00:00,47.8,140.9,0.3392476933995741,2018-11-16,0,99401699999,12.8,,1017.7,,10.0,4.1,2018_sf_camp_fire
2018-11-16 11:00:00+00:00,39.1,150.2,0.26031957390146476,2018-11-16,0,99401699999,12.7,,1017.4,,10.0,4.6,2018_sf_camp_fire
2018-11-16 12:00:00+00:00,50.5,163.1,0.3096259963212753,2018-11-16,0,99401699999,12.3,,1017.1,,360.0,6.2,2018_sf_camp_fire
2018-11-16 13:00:00+00:00,70.2,162.1,0.4330660086366441,2018-11-16,0,99401699999,12.2,,1016.8,,360.0,5.7,2018_sf_camp_fire
2018-11-16 14:00:00+00:00,76.0,159.9,0.47529706066291433,2018-11-16,0,99401699999,12.3,,1016.7,,10.0,6.2,2018_sf_camp_fire
2018-11-16 15:00:00+00:00,66.0,163.2,0.40441176470588236,2018-11-16,0,99401699999,12.5,,1016.8,,10.0,5.7,2018_sf_camp_fire
2018-11-16 16:00:00+00:00,53.3,170.4,0.31279342723004694,2018-11-16,1,99401699999,12.4,,1017.2,,10.0,5.7,2018_sf_camp_fire
2018-11-16 17:00:00+00:00,50.4,169.0,0.2982248520710059,2018-11-16,0,99401699999,12.4,,1017.6,,20.0,4.1,2018_sf_camp_fire
2018-11-16 18:00:00+00:00,61.4,176.5,0.3478753541076487,2018-11-16,1,99401699999,12.4,,1017.5,,30.0,4.1,2018_sf_camp_fire
2018-11-16 19:00:00+00:00,69.4,180.0,0.3855555555555556,2018-11-16,0,99401699999,13.4,,1017.2,,50.0,3.1,2018_sf_camp_fire
2018-11-16 20:00:00+00:00,80.7,178.7,0.45159485170677116,2018-11-16,0,99401699999,13.4,,1016.4,,40.0,3.1,2018_sf_camp_fire
2018-11-16 21:00:00+00:00,93.6,181.8,0.5148514851485148,2018-11-16,1,99401699999,15.1,,1015.5,,30.0,2.6,2018_sf_camp_fire
2018-11-16 22:00:00+00:00,96.7,186.6,0.5182207931404074,2018-11-16,0,99401699999,15.1,,1015.0,,30.0,0.0,2018_sf_camp_fire
2018-11-16 23:00:00+00:00,100.6,180.1,0.5585785674625208,2018-11-16,0,99401699999,16.7,,1014.7,,110.0,0.5,2018_sf_camp_fire
2018-11-17 00:00:00+00:00,103.5,176.2,0.5874006810442679,2018-11-17,0,99401699999,15.7,,1014.5,,,0.0,2018_sf_camp_fire
2018-11-17 01:00:00+00:00,137.3,172.4,0.7964037122969838,2018-11-17,0,99401699999,14.5,,1014.5,,210.0,1.5,2018_sf_camp_fire
2018-11-17 02:00:00+00:00,163.1,168.9,0.9656601539372409,2018-11-17,0,99401699999,13.4,,1014.6,,200.0,1.5,2018_sf_camp_fire
2018-11-17 03:00:00+00:00,162.7,163.8,0.9932844932844932,2018-11-17,0,99401699999,13.1,,1014.8,,240.0,1.0,2018_sf_camp_fire
2018-11-17 04:00:00+00:00,163.1,160.6,1.0155666251556663,2018-11-17,0,99401699999,12.7,,1015.0,,210.0,1.5,2018_sf_camp_fire
2018-11-17 05:00:00+00:00,156.5,159.7,0.9799624295554165,2018-11-17,0,99401699999,12.2,,1015.5,,230.0,1.0,2018_sf_camp_fire
2018-11-17 06:00:00+00:00,133.0,157.2,0.846055979643766,2018-11-17,0,99401699999,11.7,,1015.6,,210.0,0.5,2018_sf_camp_fire
2018-11-17 07:00:00+00:00,119.1,151.9,0.7840684660961158,2018-11-17,0,99401699999,11.9,,1015.9,,210.0,0.0,2018_sf_camp_fire
2018-11-17 08:00:00+00:00,142.3,144.0,0.9881944444444445,2018-11-17,0,99401699999,11.3,,1016.2,,220.0,1.5,2018_sf_camp_fire
2018-11-17 09:00:00+00:00,126.0,136.5,0.9230769230769231,2018-11-17,0,99401699999,10.8,,1016.1,,190.0,2.1,2018_sf_camp_fire
2018-11-17 10:00:00+00:00,135.6,116.1,1.1679586563307494,2018-11-17,0,99401699999,10.7,,1016.4,,240.0,1.5,2018_sf_camp_fire
2018-11-17 11:00:00+00:00,112.6,117.5,0.9582978723404255,2018-11-17,0,99401699999,10.5,,1016.2,,250.0,1.5,2018_sf_camp_fire
2018-11-17 12:00:00+00:00,113.4,122.6,0.9249592169657423,2018-11-17,0,99401699999,10.8,,1016.1,,240.0,1.0,2018_sf_camp_fire
2018-11-17 13:00:00+00:00,98.0,129.5,0.7567567567567568,2018-11-17,0,99401699999,10.7,,1016.2,,210.0,1.0,2018_sf_camp_fire
2018-11-17 14:00:00+00:00,121.9,124.9,0.9759807846277022,2018-11-17,0,99401699999,9.7,,1016.4,,190.0,1.5,2018_sf_camp_fire
2018-11-17 15:00:00+00:00,128.0,116.8,1.095890410958904,2018-11-17,0,99401699999,10.0,,1016.8,,10.0,3.6,2018_sf_camp_fire
2018-11-17 16:00:00+00:00,130.4,94.9,1.3740779768177027,2018-11-17,0,99401699999,9.4,,1017.5,,10.0,4.1,2018_sf_camp_fire
2018-11-17 17:00:00+00:00,109.9,76.7,1.4328552803129075,2018-11-17,1,99401699999,11.1,,1018.2,,360.0,2.1,2018_sf_camp_fire
2018-11-17 18:00:00+00:00,95.9,85.9,1.1164144353899883,2018-11-17,0,99401699999,11.9,,1018.6,,270.0,2.6,2018_sf_camp_fire
2018-11-17 19:00:00+00:00,96.1,106.5,0.9023474178403755,2018-11-17,0,99401699999,12.4,,1018.5,,270.0,3.1,2018_sf_camp_fire
2018-11-17 20:00:00+00:00,101.5,131.5,0.7718631178707225,2018-11-17,1,99401699999,12.3,,1018.0,,260.0,1.5,2018_sf_camp_fire
2018-11-17 21:00:00+00:00,90.6,139.8,0.6480686695278969,2018-11-17,0,99401699999,12.5,,1017.6,,230.0,3.6,2018_sf_camp_fire
2018-11-17 22:00:00+00:00,77.7,142.1,0.5467980295566502,2018-11-17,0,99401699999,12.4,,1017.3,,240.0,2.6,2018_sf_camp_fire
2018-11-17 23:00:00+00:00,66.5,105.0,0.6333333333333333,2018-11-17,0,99401699999,12.4,,1017.0,,250.0,3.1,2018_sf_camp_fire
2018-11-18 00:00:00+00:00,56.5,88.8,0.6362612612612613,2018-11-18,0,99401699999,12.2,,1016.8,,260.0,2.1,2018_sf_camp_fire
2018-11-18 01:00:00+00:00,48.7,77.3,0.6300129366106081,2018-11-18,0,99401699999,11.8,,1016.8,,240.0,2.6,2018_sf_camp_fire
2018-11-18 02:00:00+00:00,45.8,68.5,0.6686131386861314,2018-11-18,0,99401699999,11.5,,1016.8,,240.0,1.5,2018_sf_camp_fire
2018-11-18 03:00:00+00:00,37.3,60.7,0.614497528830313,2018-11-18,0,99401699999,11.3,,1017.2,,230.0,1.0,2018_sf_camp_fire
2018-11-18 04:00:00+00:00,44.2,46.4,0.9525862068965518,2018-11-18,0,99401699999,11.2,,1017.5,,220.0,2.1,2018_sf_camp_fire
2018-11-18 05:00:00+00:00,43.2,40.1,1.0773067331670823,2018-11-18,0,99401699999,11.0,,1017.9,,210.0,1.0,2018_sf_camp_fire
2018-11-18 06:00:00+00:00,46.8,36.2,1.2928176795580109,2018-11-18,0,99401699999,10.5,,1018.3,,210.0,2.1,2018_sf_camp_fire
2018-11-18 07:00:00+00:00,50.4,42.6,1.1830985915492958,2018-11-18,0,99401699999,10.1,,1018.4,,160.0,1.0,2018_sf_camp_fire
2018-11-18 08:00:00+00:00,53.8,41.8,1.2870813397129186,2018-11-18,0,99401699999,9.8,,1018.5,,210.0,1.0,2018_sf_camp_fire
2018-11-18 09:00:00+00:00,50.2,46.4,1.0818965517241381,2018-11-18,0,99401699999,9.6,,1018.7,,200.0,1.0,2018_sf_camp_fire
2018-11-18 10:00:00+00:00,45.7,42.6,1.0727699530516432,2018-11-18,0,99401699999,9.6,,1018.8,,200.0,1.0,2018_sf_camp_fire
2018-11-18 11:00:00+00:00,40.1,48.5,0.8268041237113403,2018-11-18,0,99401699999,9.3,,1018.7,,200.0,1.5,2018_sf_camp_fire
2018-11-18 12:00:00+00:00,37.8,55.5,0.681081081081081,2018-11-18,0,99401699999,9.1,,1018.7,,200.0,0.0,2018_sf_camp_fire
2018-11-18 13:00:00+00:00,35.0,61.8,0.5663430420711975,2018-11-18,0,99401699999,10.0,,1019.2,,200.0,0.0,2018_sf_camp_fire
2018-11-18 14:00:00+00:00,33.5,69.5,0.48201438848920863,2018-11-18,0,99401699999,10.1,,1019.5,,350.0,1.0,2018_sf_camp_fire
2018-11-18 15:00:00+00:00,31.3,67.0,0.4671641791044776,2018-11-18,0,99401699999,9.8,,1019.8,,360.0,2.1,2018_sf_camp_fire
2018-11-18 16:00:00+00:00,27.1,56.8,0.47711267605633806,2018-11-18,0,99401699999,9.6,,1020.0,,20.0,3.1,2018_sf_camp_fire
2018-11-18 17:00:00+00:00,26.3,45.8,0.5742358078602621,2018-11-18,0,99401699999,9.4,,1020.0,,40.0,4.1,2018_sf_camp_fire
2018-11-18 18:00:00+00:00,29.6,46.6,0.6351931330472103,2018-11-18,1,99401699999,9.5,,1019.8,,30.0,4.1,2018_sf_camp_fire
2018-11-18 19:00:00+00:00,30.9,70.3,0.4395448079658606,2018-11-18,0,99401699999,9.5,,1019.3,,40.0,4.6,2018_sf_camp_fire
2018-11-18 20:00:00+00:00,33.0,97.0,0.3402061855670103,2018-11-18,1,99401699999,9.5,,1018.7,,50.0,2.1,2018_sf_camp_fire
2018-11-18 21:00:00+00:00,34.7,129.3,0.26836813611755606,2018-11-18,0,99401699999,9.5,,1018.1,,90.0,1.5,2018_sf_camp_fire
2018-11-18 22:00:00+00:00,35.5,154.3,0.23007128969539856,2018-11-18,0,99401699999,12.7,,1017.9,,90.0,1.0,2018_sf_camp_fire
2018-11-18 23:00:00+00:00,37.6,147.9,0.2542258282623394,2018-11-18,1,99401699999,13.3,,1017.3,,240.0,2.1,2018_sf_camp_fire
